{"cameraMode":{"drawMode":0,"name":"Shaded","section":"Shading Mode"},"sceneLighting":true,"audioPlay":false,"sceneViewState":{"m_AlwaysRefresh":false,"showFog":true,"showSkybox":true,"showFlares":true,"showImageEffects":true,"showParticleSystems":true,"showVisualEffectGraphs":true,"m_FxEnabled":true},"in2DMode":false,"pivot":{"x":1.0089125633239747,"y":-1.1802128553390504,"z":0.6858234405517578},"rotation":{"x":-0.12923428416252137,"y":0.8516537547111511,"z":-0.24841247498989106,"w":-0.4430541694164276},"size":4.2094268798828129,"orthographic":false}